{"cameraMode":{"drawMode":0,"name":"Shaded","section":"Shading Mode"},"sceneLighting":false,"audioPlay":false,"sceneViewState":{"m_AlwaysRefresh":false,"showFog":true,"showSkybox":false,"showFlares":true,"showImageEffects":true,"showParticleSystems":true,"showVisualEffectGraphs":true,"m_FxEnabled":true},"in2DMode":false,"pivot":{"x":54.86837387084961,"y":50.60455322265625,"z":75.76738739013672},"rotation":{"x":0.7071060538291931,"y":0.0010606598807498813,"z":-0.0010606598807498813,"w":0.7071060538291931},"size":12.033825874328614,"orthographic":true}