{"cameraMode":{"drawMode":0,"name":"Shaded","section":"Shading Mode"},"sceneLighting":false,"audioPlay":false,"sceneViewState":{"m_AlwaysRefresh":false,"showFog":false,"showSkybox":false,"showFlares":false,"showImageEffects":false,"showParticleSystems":false,"showVisualEffectGraphs":true,"m_FxEnabled":false},"in2DMode":false,"pivot":{"x":0.0000010728836059570313,"y":1.0960900783538819,"z":0.45644229650497439},"rotation":{"x":-0.10240321606397629,"y":-0.815633237361908,"z":0.1522156447172165,"w":-0.5487177968025208},"size":2.2763350009918215,"orthographic":false}