{"cameraMode":{"drawMode":0,"name":"Shaded","section":"Shading Mode"},"sceneLighting":false,"audioPlay":false,"sceneViewState":{"m_AlwaysRefresh":false,"showFog":true,"showSkybox":false,"showFlares":true,"showImageEffects":true,"showParticleSystems":true,"showVisualEffectGraphs":true,"m_FxEnabled":true},"in2DMode":false,"pivot":{"x":0.0018548965454101563,"y":2.0145344734191896,"z":-0.6552805304527283},"rotation":{"x":0.16228346526622773,"y":-0.47124621272087099,"z":0.08867494016885758,"w":0.8623995184898377},"size":1.9163997173309327,"orthographic":true}