{"cameraMode":{"drawMode":0,"name":"Shaded","section":"Shading Mode"},"sceneLighting":false,"audioPlay":false,"sceneViewState":{"m_AlwaysRefresh":false,"showFog":true,"showSkybox":false,"showFlares":true,"showImageEffects":true,"showParticleSystems":true,"showVisualEffectGraphs":true,"m_FxEnabled":true},"in2DMode":false,"pivot":{"x":-0.6102313995361328,"y":0.33409690856933596,"z":-0.38397979736328127},"rotation":{"x":-0.2947818636894226,"y":0.4338389039039612,"z":-0.15268507599830628,"w":-0.8376038074493408},"size":23.894899368286134,"orthographic":false}