{"cameraMode":{"drawMode":0,"name":"Shaded","section":"Shading Mode"},"sceneLighting":false,"audioPlay":false,"sceneViewState":{"m_AlwaysRefresh":false,"showFog":true,"showSkybox":false,"showFlares":true,"showImageEffects":true,"showParticleSystems":true,"showVisualEffectGraphs":true,"m_FxEnabled":true},"in2DMode":false,"pivot":{"x":-0.028614044189453126,"y":3.1042726039886476,"z":-1.9713859558105469},"rotation":{"x":0.031585942953825,"y":0.8961594104766846,"z":-0.43787816166877749,"w":0.06463319808244705},"size":4.1724371910095219,"orthographic":true}