{"cameraMode":{"drawMode":0,"name":"Shaded","section":"Shading Mode"},"sceneLighting":false,"audioPlay":false,"sceneViewState":{"m_AlwaysRefresh":false,"showFog":true,"showSkybox":false,"showFlares":true,"showImageEffects":true,"showParticleSystems":true,"showVisualEffectGraphs":true,"m_FxEnabled":true},"in2DMode":false,"pivot":{"x":0.0015498995780944825,"y":1.0086135864257813,"z":-0.025413870811462404},"rotation":{"x":0.0712534487247467,"y":-0.9268006682395935,"z":0.22768628597259522,"w":0.2900448143482208},"size":2.0493690967559816,"orthographic":true}