{"cameraMode":{"drawMode":0,"name":"Shaded","section":"Shading Mode"},"sceneLighting":false,"audioPlay":false,"sceneViewState":{"m_AlwaysRefresh":false,"showFog":true,"showSkybox":false,"showFlares":true,"showImageEffects":true,"showParticleSystems":true,"showVisualEffectGraphs":true,"m_FxEnabled":false},"in2DMode":false,"pivot":{"x":2.9753952026367189,"y":0.8529015779495239,"z":1.719935655593872},"rotation":{"x":0.052123814821243289,"y":-0.34162354469299319,"z":0.018979044631123544,"w":0.9381999373435974},"size":1.5464260578155518,"orthographic":false}