{"cameraMode":{"drawMode":0,"name":"Shaded","section":"Shading Mode"},"sceneLighting":true,"audioPlay":false,"sceneViewState":{"m_AlwaysRefresh":false,"showFog":true,"showSkybox":true,"showFlares":true,"showImageEffects":true,"showParticleSystems":true,"showVisualEffectGraphs":true,"m_FxEnabled":false},"in2DMode":false,"pivot":{"x":68.23999786376953,"y":55.073326110839847,"z":68.04441833496094},"rotation":{"x":0.014805284328758717,"y":0.9775285720825195,"z":-0.07345274835824967,"w":0.19703388214111329},"size":1.0616257190704346,"orthographic":false}