{"cameraMode":{"drawMode":0,"name":"Shaded","section":"Shading Mode"},"sceneLighting":true,"audioPlay":false,"sceneViewState":{"m_AlwaysRefresh":false,"showFog":true,"showSkybox":true,"showFlares":true,"showImageEffects":true,"showParticleSystems":true,"showVisualEffectGraphs":true,"m_FxEnabled":false},"in2DMode":false,"pivot":{"x":65.33200073242188,"y":54.74300003051758,"z":67.46199798583985},"rotation":{"x":0.024960748851299287,"y":-0.20399032533168794,"z":0.005202882457524538,"w":0.9786407947540283},"size":0.35700106620788576,"orthographic":false}