{"cameraMode":{"drawMode":0,"name":"Shaded","section":"Shading Mode"},"sceneLighting":true,"audioPlay":false,"sceneViewState":{"m_AlwaysRefresh":false,"showFog":true,"showSkybox":true,"showFlares":true,"showImageEffects":true,"showParticleSystems":true,"showVisualEffectGraphs":true,"m_FxEnabled":false},"in2DMode":false,"pivot":{"x":63.981544494628909,"y":54.94525146484375,"z":68.0777587890625},"rotation":{"x":0.008624095469713211,"y":0.9913760423660278,"z":-0.09246471524238587,"w":0.09246470779180527},"size":0.9906534552574158,"orthographic":false}