{"cameraMode":{"drawMode":0,"name":"Shaded","section":"Shading Mode"},"sceneLighting":false,"audioPlay":false,"sceneViewState":{"m_AlwaysRefresh":false,"showFog":true,"showSkybox":false,"showFlares":true,"showImageEffects":true,"showParticleSystems":true,"showVisualEffectGraphs":true,"m_FxEnabled":true},"in2DMode":false,"pivot":{"x":-0.01328885555267334,"y":0.9524444937705994,"z":-0.9810462594032288},"rotation":{"x":-0.016657190397381784,"y":-0.9611369371414185,"z":0.2691086232662201,"w":-0.05947740003466606},"size":1.653342366218567,"orthographic":true}