{"cameraMode":{"drawMode":0,"name":"Shaded","section":"Shading Mode"},"sceneLighting":false,"audioPlay":false,"sceneViewState":{"m_AlwaysRefresh":false,"showFog":true,"showSkybox":false,"showFlares":true,"showImageEffects":true,"showParticleSystems":true,"showVisualEffectGraphs":true,"m_FxEnabled":false},"in2DMode":false,"pivot":{"x":1.7097630500793458,"y":-1.5065834522247315,"z":1.013108253479004},"rotation":{"x":0.11291031539440155,"y":0.4130098521709442,"z":-0.051687728613615039,"w":0.9022223353385925},"size":1.5615917444229127,"orthographic":false}