{"cameraMode":{"drawMode":0,"name":"Shaded","section":"Shading Mode"},"sceneLighting":true,"audioPlay":false,"sceneViewState":{"m_AlwaysRefresh":false,"showFog":true,"showSkybox":true,"showFlares":true,"showImageEffects":true,"showParticleSystems":true,"showVisualEffectGraphs":true,"m_FxEnabled":true},"in2DMode":false,"pivot":{"x":-6.1252875328063969,"y":40.115638732910159,"z":756.5982666015625},"rotation":{"x":0.03448651358485222,"y":0.019783349707722665,"z":0.000682707061059773,"w":-0.9992088675498962},"size":0.9339744448661804,"orthographic":false}