{"cameraMode":{"drawMode":0,"name":"Shaded","section":"Shading Mode"},"sceneLighting":false,"audioPlay":false,"sceneViewState":{"m_AlwaysRefresh":false,"showFog":true,"showSkybox":false,"showFlares":true,"showImageEffects":true,"showParticleSystems":true,"showVisualEffectGraphs":true,"m_FxEnabled":false},"in2DMode":false,"pivot":{"x":0.9926490783691406,"y":1.0892970561981202,"z":3.0678913593292238},"rotation":{"x":0.17005310952663423,"y":0.6702262163162231,"z":-0.16188694536685944,"w":0.7040424346923828},"size":2.297971248626709,"orthographic":false}