{"cameraMode":{"drawMode":0,"name":"Shaded","section":"Shading Mode"},"sceneLighting":false,"audioPlay":false,"sceneViewState":{"m_AlwaysRefresh":false,"showFog":true,"showSkybox":false,"showFlares":true,"showImageEffects":true,"showParticleSystems":true,"showVisualEffectGraphs":true,"m_FxEnabled":false},"in2DMode":false,"pivot":{"x":0.9147351384162903,"y":-4.21710205078125,"z":-6.583294868469238},"rotation":{"x":0.0018981093307957054,"y":-0.9740864038467407,"z":0.22602185606956483,"w":0.008180263452231884},"size":12.377610206604004,"orthographic":false}