{"cameraMode":{"drawMode":0,"name":"Shaded","section":"Shading Mode"},"sceneLighting":false,"audioPlay":false,"sceneViewState":{"m_AlwaysRefresh":false,"showFog":true,"showSkybox":false,"showFlares":true,"showImageEffects":true,"showParticleSystems":true,"showVisualEffectGraphs":true,"m_FxEnabled":false},"in2DMode":false,"pivot":{"x":-6.1104350090026859,"y":1.3153533935546876,"z":2.197052001953125},"rotation":{"x":0.002262524329125881,"y":-0.6566696166992188,"z":0.0019700147677212955,"w":0.7541723847389221},"size":6.077607154846191,"orthographic":false}