{"cameraMode":{"drawMode":0,"name":"Shaded","section":"Shading Mode"},"sceneLighting":false,"audioPlay":false,"sceneViewState":{"m_AlwaysRefresh":false,"showFog":true,"showSkybox":false,"showFlares":true,"showImageEffects":true,"showParticleSystems":true,"showVisualEffectGraphs":true,"m_FxEnabled":true},"in2DMode":false,"pivot":{"x":0.6612799763679504,"y":-8.820856094360352,"z":2.6081624031066896},"rotation":{"x":0.12762261927127839,"y":-0.5633968114852905,"z":0.08860994875431061,"w":0.8114465475082398},"size":12.402116775512696,"orthographic":false}