{"cameraMode":{"drawMode":0,"name":"Shaded","section":"Shading Mode"},"sceneLighting":false,"audioPlay":false,"sceneViewState":{"m_AlwaysRefresh":false,"showFog":true,"showSkybox":false,"showFlares":true,"showImageEffects":true,"showParticleSystems":true,"showVisualEffectGraphs":true,"m_FxEnabled":false},"in2DMode":false,"pivot":{"x":65.30345916748047,"y":54.73667526245117,"z":67.44120025634766},"rotation":{"x":0.024960748851299287,"y":-0.20399032533168794,"z":0.005202882457524538,"w":0.9786407947540283},"size":2.6203129291534426,"orthographic":false}